1搜索检索词,2结果类型,3前1位站点,4满足类型
有时候有时候造句,阿拉丁,百度汉语,文字
植物传播种子的方法,阿拉丁,百度知道,图片+文字
强军战歌,阿拉丁,,音乐卡
她组词,阿拉丁,百度汉语,文字
植物妈妈有办法仿写,阿拉丁,百度知道,文字
详细的近义词,阿拉丁,百度汉语,文字
向日葵传播种子的方法,阿拉丁,https://m.zw3e.com/7/36487.html,图片+文字
助学金申请书,阿拉丁,http://shenqingshu.ceezz.cn/changyong/1668.html,文字
植物传播种子的方法有哪些,阿拉丁,https://m.zw3e.com/1260/36300.html,图片+文字
赠刘景文翻译,自然结果,百度汉语,文字
刚刚什么地方地震了,阿拉丁,http://www.ceic.ac.cn/,文字
邮箱格式,阿拉丁,,图片+文字
在…在…在…在…造句,阿拉丁,http://www.zybang.com/question/07d799799e737b1cd5acef6d2acda29b.html,文字
学生会申请书,阿拉丁,百度经验,视频+文字
自我评价,阿拉丁,百度文库,文字
夜书所见的诗意,阿拉丁,http://www.zybang.com/question/ff54217d303ee6900edfad5f8a08b05d.html,文字
军训心得体会,自然结果,百度文库,文字
脑筋急转弯大全及答案,阿拉丁,百度汉语,文字
睡不着的时候会不会有人陪着我,阿拉丁,http://music.baidu.com/search?key=%CB%AF%B2%BB%D7%C5%B5%C4%CA%B1%BA%F2%BB%E1%B2%BB%BB%E1%D3%D0%C8%CB%C5%E3%D7%C5%CE%D2,音乐卡
女生网名简单干净,阿拉丁,https://www.docin.com/touch/detail.do?id=2156225315,文字
192.168.0.1,阿拉丁,,spcial
所见古诗的意思,阿拉丁,http://xiongzhanghao.baidu.com/shortvideo/bd8c0e2dea3efd5ca209b0d9e34edcce.html,视频+文字
次北固山下翻译,阿拉丁,http://m.chusan.com/zhongkao/68023.html,图片+文字
英文名字女,阿拉丁,百度百科,文字
拔智齿后悔死了,阿拉丁,https://m.baidu.com/bh/m/detail/ar_16795381494147449766,图片+文字
三字经全文朗读,阿拉丁,https://www.videoc.cn/pages/84488,视频+文字
自我介绍,阿拉丁,百度经验,视频+文字
自我介绍英文,阿拉丁,百度经验,视频+文字
skr什么意思,阿拉丁,百度百科,视频+文字
照例的近义词,阿拉丁,百度汉语,文字
qq邮箱格式,阿拉丁,http://xiongzhanghao.baidu.com/shortvideo/2dd51b719c107d083352e39aa20ad633.html,视频+文字
检讨书怎么写,阿拉丁,http://mip.66law.cn/v/shuofa/15916.html,视频+文字
不染歌词,阿拉丁,http://music.baidu.com/search?key=%B2%BB%C8%BE%B8%E8%B4%CA,音乐卡
192.168.1.1,阿拉丁,,spcial
面试自我介绍,阿拉丁,百度文库,文字
微笑狗,阿拉丁,https://m.52fuqing.com/newsshow-5798092.html,图片+文字
盗将行,阿拉丁,,音乐卡
在在在造句二年级大全,阿拉丁,百度汉语,文字
1099美元,阿拉丁,http://forex.hexun.com/?f=bo&t=4030,spcial
五险一金指什么,阿拉丁,http://www.faniuwenda.com/Video/Index/show/id/18579.html,视频+文字
哪里地震了今天刚刚,阿拉丁,,图片+文字
在在在造句二年级,自然结果,百度知道,文字
拟人句大全,阿拉丁,百度文库,文字
少数民族有哪些,阿拉丁,https://m.tianqijun.com/shenghuo/video/7253.html,视频+文字
脑筋急转弯,阿拉丁,百度汉语,文字
植物妈妈有办法,阿拉丁,,视频+文字
超碰,阿拉丁,https://3g.china.com/act/news/11025807/20160229/21630867.html,图片+文字
有趣的动物二年级写话,阿拉丁,http://www.zjqyjy.com/edu/%E6%9C%89%E8%B6%A3%E7%9A%84%E5%8A%A8%E7%89%A9%E4%BA%8C%E5%B9%B4%E7%BA%A7%E5%86%99%E8%AF%9D.html,文字
跨行转账多久到账,阿拉丁,https://m.csai.cn/wenda/843952.html,图片+文字
自我介绍面试,阿拉丁,百度经验,视频+文字
贫困生申请书,阿拉丁,百度文库,文字
顺嫔,阿拉丁,百度百科,图片+文字
56个民族名称,阿拉丁,https://shenghuo.jiangzi.com/shipai/42175.html,视频+文字
籍贯,自然结果,百度汉语,文字
题西林壁的意思,阿拉丁,百度百科,视频+文字
螃蟹蒸多久,阿拉丁,http://i.7y7.com/mip/video/jujia/328,视频+文字
春,阿拉丁,百度百科,图片+文字
笑话大全 爆笑简短,阿拉丁,http://yulu.jb51.net/gaoxiaoyulu/22542.html,文字
无花果怎么吃,阿拉丁,https://shenghuo.jiangzi.com/shipai/43741.html,视频+文字
读书破万卷下笔如有神的意思,阿拉丁,百度百科,视频+文字
大学自我介绍,自然结果,百度知道,文字
香蜜沉沉烬如霜歌曲,阿拉丁,http://music.baidu.com/search?key=%CF%E3%C3%DB%B3%C1%B3%C1%BD%FD%C8%E7%CB%AA%B8%E8%C7%FA,音乐卡
女性性功能视频,阿拉丁,http://video.baomihua.com/v/7531475?qudao=baidu,视频+文字
教育部全国青少年普法网,阿拉丁,https://mlive.fatiao.pro/article/72665.html,图片+文字
刘组词,阿拉丁,百度汉语,文字
植物种子的传播方式有哪些,阿拉丁,百度经验,视频+文字
落造句,自然结果,百度知道,文字
却造句,阿拉丁,百度汉语,文字
